CUSTOMER_ID,NAME,PH_NO,EMAIL_ID,COMPANY_NAME
1,Cara Arbuckle,9838611391,cara.arbuckle@cityla.com,Cityla
2,Tamesha Vashon,9741220074,tamesha.vashon@freshcom.com,Freshcom
3,Josefine Tate,9871131746,josefine.tate@y-hex.com,Y-hex
4,Jamie Locust,9843339853,jamie.locust@driphow.com,Driphow
5,Guy Lomax,9711402339,guy.lomax@solocan.com,Solocan
6,Millicent Moretz,9879091436,millicent.moretz@saltstrip.com,Saltstrip
7,Gita Tubb,9837218725,gita.tubb@vaiafax.com,Vaiafax
8,Amira Lasko,9747719455,amira.lasko@hottom.com,Hottom
9,Luciana Litchford,9959848324,luciana.litchford@indisaojob.com,Indisaojob
10,Cristi Vina,9712240777,cristi.vina@voyacity.com,Voyacity
11,Latasha Thoman,9909252086,latasha.thoman@faselane.com,Faselane
12,Ernestina Mccarver,9819581382,ernestina.mccarver@flex-line.com,Flex-line
13,Thalia Vue,9669178775,thalia.vue@quadcan.com,Quadcan
14,Christie Winkleman,9747639749,christie.winkleman@whitephase.com,Whitephase
15,Hillary Moreira,9736829622,hillary.moreira@hotbase.com,Hotbase
16,Reinaldo Tall,9741287150,reinaldo.tall@acetrax.com,Acetrax
17,Thu Signorelli,9907776510,thu.signorelli@finway.com,Finway
18,Dona Severson,9808073965,dona.severson@gogomedia.com,Gogomedia
19,Cris Pilot,9760151649,cris.pilot@fixfax.com,Fixfax
20,Marni Hougen,9886310355,marni.hougen@fasedexon.com,Fasedexon
